ID,NAME,income
1,"Census Tract 1, San Diego County, California",138864
2,"Census Tract 2.01, San Diego County, California",90673
3,"Census Tract 2.02, San Diego County, California",66438
4,"Census Tract 3, San Diego County, California",69028
5,"Census Tract 4, San Diego County, California",75559
6,"Census Tract 5, San Diego County, California",71300
7,"Census Tract 6, San Diego County, California",65089
8,"Census Tract 7, San Diego County, California",79531
9,"Census Tract 8, San Diego County, California",70224
10,"Census Tract 9, San Diego County, California",60654
11,"Census Tract 10, San Diego County, California",71532
12,"Census Tract 11, San Diego County, California",75066
13,"Census Tract 12, San Diego County, California",48945
14,"Census Tract 13, San Diego County, California",63793
15,"Census Tract 14, San Diego County, California",80893
16,"Census Tract 15, San Diego County, California",76887
17,"Census Tract 16, San Diego County, California",43687
18,"Census Tract 17, San Diego County, California",50045
19,"Census Tract 18, San Diego County, California",51104
20,"Census Tract 19, San Diego County, California",97015
21,"Census Tract 20.01, San Diego County, California",142404
22,"Census Tract 20.02, San Diego County, California",114904
23,"Census Tract 21, San Diego County, California",60080
24,"Census Tract 22.01, San Diego County, California",26643
25,"Census Tract 22.02, San Diego County, California",29709
26,"Census Tract 23.01, San Diego County, California",40000
27,"Census Tract 23.02, San Diego County, California",30867
28,"Census Tract 24.01, San Diego County, California",47500
29,"Census Tract 24.02, San Diego County, California",31855
30,"Census Tract 25.01, San Diego County, California",42384
31,"Census Tract 25.02, San Diego County, California",55901
32,"Census Tract 26.01, San Diego County, California",29731
33,"Census Tract 26.02, San Diego County, California",51250
34,"Census Tract 27.02, San Diego County, California",60402
35,"Census Tract 27.03, San Diego County, California",54970
36,"Census Tract 27.05, San Diego County, California",67648
37,"Census Tract 27.07, San Diego County, California",33929
38,"Census Tract 27.08, San Diego County, California",27485
39,"Census Tract 27.09, San Diego County, California",31047
40,"Census Tract 27.10, San Diego County, California",43925
41,"Census Tract 27.11, San Diego County, California",56477
42,"Census Tract 27.12, San Diego County, California",40408
43,"Census Tract 28.01, San Diego County, California",40030
44,"Census Tract 28.03, San Diego County, California",50688
45,"Census Tract 28.04, San Diego County, California",74813
46,"Census Tract 29.02, San Diego County, California",52604
47,"Census Tract 29.03, San Diego County, California",65000
48,"Census Tract 29.04, San Diego County, California",35085
49,"Census Tract 29.05, San Diego County, California",44008
50,"Census Tract 30.01, San Diego County, California",76065
51,"Census Tract 30.03, San Diego County, California",66983
52,"Census Tract 30.04, San Diego County, California",48085
53,"Census Tract 31.01, San Diego County, California",53594
54,"Census Tract 31.03, San Diego County, California",61961
55,"Census Tract 31.05, San Diego County, California",70175
56,"Census Tract 31.07, San Diego County, California",72361
57,"Census Tract 31.08, San Diego County, California",73750
58,"Census Tract 31.09, San Diego County, California",88601
59,"Census Tract 31.11, San Diego County, California",42632
60,"Census Tract 31.12, San Diego County, California",70372
61,"Census Tract 31.13, San Diego County, California",74962
62,"Census Tract 31.14, San Diego County, California",104375
63,"Census Tract 31.15, San Diego County, California",60673
64,"Census Tract 32.01, San Diego County, California",56346
65,"Census Tract 32.02, San Diego County, California",51912
66,"Census Tract 32.04, San Diego County, California",73350
67,"Census Tract 32.07, San Diego County, California",85513
68,"Census Tract 32.08, San Diego County, California",49085
69,"Census Tract 32.09, San Diego County, California",63182
70,"Census Tract 32.11, San Diego County, California",70524
71,"Census Tract 32.12, San Diego County, California",93105
72,"Census Tract 32.13, San Diego County, California",108043
73,"Census Tract 32.14, San Diego County, California",66500
74,"Census Tract 33.01, San Diego County, California",47043
75,"Census Tract 33.03, San Diego County, California",32784
76,"Census Tract 33.04, San Diego County, California",38611
77,"Census Tract 33.05, San Diego County, California",25469
78,"Census Tract 34.01, San Diego County, California",61907
79,"Census Tract 34.03, San Diego County, California",42652
80,"Census Tract 34.04, San Diego County, California",37348
81,"Census Tract 35.01, San Diego County, California",40109
82,"Census Tract 35.02, San Diego County, California",33750
83,"Census Tract 36.01, San Diego County, California",37143
84,"Census Tract 36.02, San Diego County, California",53438
85,"Census Tract 36.03, San Diego County, California",45402
86,"Census Tract 38, San Diego County, California",
87,"Census Tract 39.01, San Diego County, California",34632
88,"Census Tract 39.02, San Diego County, California",36875
89,"Census Tract 40, San Diego County, California",36168
90,"Census Tract 41, San Diego County, California",48695
91,"Census Tract 42, San Diego County, California",114321
92,"Census Tract 43, San Diego County, California",72656
93,"Census Tract 44, San Diego County, California",76441
94,"Census Tract 45.01, San Diego County, California",44000
95,"Census Tract 46, San Diego County, California",57457
96,"Census Tract 47, San Diego County, California",31250
97,"Census Tract 48, San Diego County, California",32559
98,"Census Tract 49, San Diego County, California",36280
99,"Census Tract 50, San Diego County, California",27887
100,"Census Tract 51, San Diego County, California",45329
101,"Census Tract 52, San Diego County, California",52080
102,"Census Tract 53, San Diego County, California",54879
103,"Census Tract 54, San Diego County, California",90000
104,"Census Tract 55, San Diego County, California",
105,"Census Tract 56, San Diego County, California",69670
106,"Census Tract 57, San Diego County, California",38750
107,"Census Tract 58, San Diego County, California",104696
108,"Census Tract 59, San Diego County, California",69803
109,"Census Tract 60, San Diego County, California",108972
110,"Census Tract 61, San Diego County, California",95536
111,"Census Tract 62, San Diego County, California",
112,"Census Tract 63, San Diego County, California",
113,"Census Tract 65, San Diego County, California",57250
114,"Census Tract 66, San Diego County, California",51250
115,"Census Tract 68.01, San Diego County, California",68693
116,"Census Tract 68.02, San Diego County, California",73065
117,"Census Tract 69, San Diego County, California",107768
118,"Census Tract 70.02, San Diego County, California",128021
119,"Census Tract 71, San Diego County, California",116154
120,"Census Tract 72, San Diego County, California",129492
121,"Census Tract 73.01, San Diego County, California",81607
122,"Census Tract 73.02, San Diego County, California",127500
123,"Census Tract 74, San Diego County, California",79423
124,"Census Tract 75.01, San Diego County, California",66325
125,"Census Tract 75.02, San Diego County, California",72768
126,"Census Tract 76, San Diego County, California",78560
127,"Census Tract 77.01, San Diego County, California",69590
128,"Census Tract 77.02, San Diego County, California",61985
129,"Census Tract 78, San Diego County, California",71419
130,"Census Tract 79.03, San Diego County, California",59453
131,"Census Tract 79.05, San Diego County, California",84439
132,"Census Tract 79.07, San Diego County, California",71364
133,"Census Tract 79.08, San Diego County, California",65958
134,"Census Tract 79.10, San Diego County, California",70074
135,"Census Tract 80.02, San Diego County, California",132054
136,"Census Tract 80.03, San Diego County, California",107873
137,"Census Tract 80.06, San Diego County, California",94375
138,"Census Tract 81.01, San Diego County, California",84905
139,"Census Tract 81.02, San Diego County, California",128661
140,"Census Tract 82, San Diego County, California",83878
141,"Census Tract 83.01, San Diego County, California",118750
142,"Census Tract 83.03, San Diego County, California",158427
143,"Census Tract 83.05, San Diego County, California",39306
144,"Census Tract 83.06, San Diego County, California",146813
145,"Census Tract 83.07, San Diego County, California",83611
146,"Census Tract 83.10, San Diego County, California",165395
147,"Census Tract 83.11, San Diego County, California",182188
148,"Census Tract 83.12, San Diego County, California",131023
149,"Census Tract 83.13, San Diego County, California",192083
150,"Census Tract 83.24, San Diego County, California",166383
151,"Census Tract 83.27, San Diego County, California",150536
152,"Census Tract 83.28, San Diego County, California",187989
153,"Census Tract 83.29, San Diego County, California",101717
154,"Census Tract 83.30, San Diego County, California",142333
155,"Census Tract 83.31, San Diego County, California",153690
156,"Census Tract 83.33, San Diego County, California",161411
157,"Census Tract 83.35, San Diego County, California",139265
158,"Census Tract 83.36, San Diego County, California",138214
159,"Census Tract 83.37, San Diego County, California",150806
160,"Census Tract 83.39, San Diego County, California",77039
161,"Census Tract 83.40, San Diego County, California",99318
162,"Census Tract 83.41, San Diego County, California",61437
163,"Census Tract 83.43, San Diego County, California",61112
164,"Census Tract 83.44, San Diego County, California",107917
165,"Census Tract 83.45, San Diego County, California",81250
166,"Census Tract 83.46, San Diego County, California",149327
167,"Census Tract 83.47, San Diego County, California",112368
168,"Census Tract 83.48, San Diego County, California",111010
169,"Census Tract 83.49, San Diego County, California",104792
170,"Census Tract 83.50, San Diego County, California",103459
171,"Census Tract 83.51, San Diego County, California",82241
172,"Census Tract 83.52, San Diego County, California",92355
173,"Census Tract 83.53, San Diego County, California",99010
174,"Census Tract 83.54, San Diego County, California",110455
175,"Census Tract 83.55, San Diego County, California",98809
176,"Census Tract 83.56, San Diego County, California",98304
177,"Census Tract 83.57, San Diego County, California",89401
178,"Census Tract 83.58, San Diego County, California",94237
179,"Census Tract 83.59, San Diego County, California",58818
180,"Census Tract 83.60, San Diego County, California",81250
181,"Census Tract 83.61, San Diego County, California",65865
182,"Census Tract 83.62, San Diego County, California",82623
183,"Census Tract 83.63, San Diego County, California",62295
184,"Census Tract 83.64, San Diego County, California",72669
185,"Census Tract 83.65, San Diego County, California",158750
186,"Census Tract 83.66, San Diego County, California",163274
187,"Census Tract 85.01, San Diego County, California",94811
188,"Census Tract 85.02, San Diego County, California",77786
189,"Census Tract 85.03, San Diego County, California",73911
190,"Census Tract 85.04, San Diego County, California",77791
191,"Census Tract 85.05, San Diego County, California",63625
192,"Census Tract 85.06, San Diego County, California",77417
193,"Census Tract 85.07, San Diego County, California",81354
194,"Census Tract 85.09, San Diego County, California",77091
195,"Census Tract 85.10, San Diego County, California",62537
196,"Census Tract 85.11, San Diego County, California",81431
197,"Census Tract 85.12, San Diego County, California",93152
198,"Census Tract 85.13, San Diego County, California",107107
199,"Census Tract 86, San Diego County, California",47756
200,"Census Tract 87.01, San Diego County, California",71964
201,"Census Tract 87.02, San Diego County, California",78125
202,"Census Tract 88, San Diego County, California",54215
203,"Census Tract 89.01, San Diego County, California",74109
204,"Census Tract 89.02, San Diego County, California",69167
205,"Census Tract 90, San Diego County, California",63006
206,"Census Tract 91.01, San Diego County, California",113016
207,"Census Tract 91.02, San Diego County, California",41683
208,"Census Tract 91.03, San Diego County, California",81149
209,"Census Tract 91.04, San Diego County, California",102472
210,"Census Tract 91.06, San Diego County, California",74115
211,"Census Tract 91.07, San Diego County, California",64207
212,"Census Tract 92.01, San Diego County, California",67375
213,"Census Tract 92.02, San Diego County, California",84844
214,"Census Tract 93.01, San Diego County, California",68657
215,"Census Tract 93.04, San Diego County, California",79602
216,"Census Tract 93.05, San Diego County, California",95313
217,"Census Tract 93.06, San Diego County, California",85649
218,"Census Tract 94, San Diego County, California",46114
219,"Census Tract 95.02, San Diego County, California",88327
220,"Census Tract 95.04, San Diego County, California",163000
221,"Census Tract 95.05, San Diego County, California",123281
222,"Census Tract 95.06, San Diego County, California",114861
223,"Census Tract 95.07, San Diego County, California",89464
224,"Census Tract 95.09, San Diego County, California",86786
225,"Census Tract 95.10, San Diego County, California",52667
226,"Census Tract 95.11, San Diego County, California",70875
227,"Census Tract 96.02, San Diego County, California",81375
228,"Census Tract 96.03, San Diego County, California",62220
229,"Census Tract 96.04, San Diego County, California",82270
230,"Census Tract 97.03, San Diego County, California",90156
231,"Census Tract 97.04, San Diego County, California",109797
232,"Census Tract 97.05, San Diego County, California",104444
233,"Census Tract 97.06, San Diego County, California",111723
234,"Census Tract 98.01, San Diego County, California",87047
235,"Census Tract 98.02, San Diego County, California",75046
236,"Census Tract 98.04, San Diego County, California",97037
237,"Census Tract 98.05, San Diego County, California",86625
238,"Census Tract 99.01, San Diego County, California",
239,"Census Tract 99.02, San Diego County, California",
240,"Census Tract 100.01, San Diego County, California",70441
241,"Census Tract 100.03, San Diego County, California",76161
242,"Census Tract 100.04, San Diego County, California",60769
243,"Census Tract 100.05, San Diego County, California",35191
244,"Census Tract 100.09, San Diego County, California",45269
245,"Census Tract 100.10, San Diego County, California",42174
246,"Census Tract 100.11, San Diego County, California",73000
247,"Census Tract 100.12, San Diego County, California",43738
248,"Census Tract 100.13, San Diego County, California",39621
249,"Census Tract 100.14, San Diego County, California",90461
250,"Census Tract 100.15, San Diego County, California",96597
251,"Census Tract 101.03, San Diego County, California",46932
252,"Census Tract 101.04, San Diego County, California",63735
253,"Census Tract 101.06, San Diego County, California",49744
254,"Census Tract 101.07, San Diego County, California",64154
255,"Census Tract 101.09, San Diego County, California",80000
256,"Census Tract 101.10, San Diego County, California",52865
257,"Census Tract 101.11, San Diego County, California",45183
258,"Census Tract 101.12, San Diego County, California",42965
259,"Census Tract 102, San Diego County, California",60806
260,"Census Tract 103, San Diego County, California",61364
261,"Census Tract 104.01, San Diego County, California",50820
262,"Census Tract 104.02, San Diego County, California",47004
263,"Census Tract 105.01, San Diego County, California",70233
264,"Census Tract 105.02, San Diego County, California",44576
265,"Census Tract 106.01, San Diego County, California",125000
266,"Census Tract 108, San Diego County, California",99679
267,"Census Tract 109, San Diego County, California",115987
268,"Census Tract 110, San Diego County, California",99205
269,"Census Tract 111, San Diego County, California",100375
270,"Census Tract 113, San Diego County, California",152500
271,"Census Tract 116.01, San Diego County, California",35144
272,"Census Tract 116.02, San Diego County, California",42026
273,"Census Tract 117, San Diego County, California",37647
274,"Census Tract 118.01, San Diego County, California",46384
275,"Census Tract 118.02, San Diego County, California",43975
276,"Census Tract 119.02, San Diego County, California",63304
277,"Census Tract 120.02, San Diego County, California",31350
278,"Census Tract 120.03, San Diego County, California",77000
279,"Census Tract 121.01, San Diego County, California",42316
280,"Census Tract 121.02, San Diego County, California",49449
281,"Census Tract 122, San Diego County, California",54318
282,"Census Tract 123.02, San Diego County, California",28661
283,"Census Tract 123.03, San Diego County, California",47083
284,"Census Tract 123.04, San Diego County, California",60662
285,"Census Tract 124.01, San Diego County, California",42412
286,"Census Tract 124.02, San Diego County, California",48750
287,"Census Tract 125.01, San Diego County, California",27782
288,"Census Tract 125.02, San Diego County, California",36951
289,"Census Tract 126, San Diego County, California",50762
290,"Census Tract 127, San Diego County, California",39508
291,"Census Tract 128, San Diego County, California",58314
292,"Census Tract 129, San Diego County, California",74107
293,"Census Tract 130, San Diego County, California",59173
294,"Census Tract 131.02, San Diego County, California",54891
295,"Census Tract 131.03, San Diego County, California",50368
296,"Census Tract 131.04, San Diego County, California",54221
297,"Census Tract 132.03, San Diego County, California",29209
298,"Census Tract 132.04, San Diego County, California",36429
299,"Census Tract 132.05, San Diego County, California",37121
300,"Census Tract 132.06, San Diego County, California",41108
301,"Census Tract 133.01, San Diego County, California",74146
302,"Census Tract 133.02, San Diego County, California",74279
303,"Census Tract 133.03, San Diego County, California",54492
304,"Census Tract 133.06, San Diego County, California",63056
305,"Census Tract 133.07, San Diego County, California",84500
306,"Census Tract 133.08, San Diego County, California",67500
307,"Census Tract 133.09, San Diego County, California",89707
308,"Census Tract 133.1, San Diego County, California",93222
309,"Census Tract 133.11, San Diego County, California",106028
310,"Census Tract 133.12, San Diego County, California",72434
311,"Census Tract 133.13, San Diego County, California",112801
312,"Census Tract 133.14, San Diego County, California",114519
313,"Census Tract 134.01, San Diego County, California",80811
314,"Census Tract 134.09, San Diego County, California",84097
315,"Census Tract 134.10, San Diego County, California",121701
316,"Census Tract 134.11, San Diego County, California",93077
317,"Census Tract 134.12, San Diego County, California",96675
318,"Census Tract 134.14, San Diego County, California",102762
319,"Census Tract 134.15, San Diego County, California",91042
320,"Census Tract 134.16, San Diego County, California",91307
321,"Census Tract 134.17, San Diego County, California",132865
322,"Census Tract 134.18, San Diego County, California",87574
323,"Census Tract 134.19, San Diego County, California",109583
324,"Census Tract 134.20, San Diego County, California",92656
325,"Census Tract 134.21, San Diego County, California",92183
326,"Census Tract 135.03, San Diego County, California",63095
327,"Census Tract 135.04, San Diego County, California",84097
328,"Census Tract 135.05, San Diego County, California",71065
329,"Census Tract 135.06, San Diego County, California",70000
330,"Census Tract 136.01, San Diego County, California",81875
331,"Census Tract 136.04, San Diego County, California",84519
332,"Census Tract 136.05, San Diego County, California",109792
333,"Census Tract 136.06, San Diego County, California",78694
334,"Census Tract 137.01, San Diego County, California",91944
335,"Census Tract 137.02, San Diego County, California",62677
336,"Census Tract 138.01, San Diego County, California",67561
337,"Census Tract 138.02, San Diego County, California",53750
338,"Census Tract 139.03, San Diego County, California",70734
339,"Census Tract 139.05, San Diego County, California",88207
340,"Census Tract 139.06, San Diego County, California",48750
341,"Census Tract 139.07, San Diego County, California",46655
342,"Census Tract 139.08, San Diego County, California",67917
343,"Census Tract 139.09, San Diego County, California",60944
344,"Census Tract 140.01, San Diego County, California",55313
345,"Census Tract 140.02, San Diego County, California",81667
346,"Census Tract 141.01, San Diego County, California",68850
347,"Census Tract 141.02, San Diego County, California",62165
348,"Census Tract 142, San Diego County, California",80464
349,"Census Tract 143, San Diego County, California",62929
350,"Census Tract 144, San Diego County, California",33824
351,"Census Tract 145, San Diego County, California",60058
352,"Census Tract 146.01, San Diego County, California",42500
353,"Census Tract 146.02, San Diego County, California",91058
354,"Census Tract 147, San Diego County, California",70871
355,"Census Tract 148.03, San Diego County, California",57838
356,"Census Tract 148.04, San Diego County, California",60556
357,"Census Tract 148.05, San Diego County, California",59051
358,"Census Tract 148.06, San Diego County, California",48582
359,"Census Tract 149.01, San Diego County, California",59955
360,"Census Tract 149.02, San Diego County, California",60729
361,"Census Tract 150, San Diego County, California",70491
362,"Census Tract 151, San Diego County, California",75282
363,"Census Tract 152, San Diego County, California",111625
364,"Census Tract 153.01, San Diego County, California",63315
365,"Census Tract 153.02, San Diego County, California",98935
366,"Census Tract 154.03, San Diego County, California",114583
367,"Census Tract 154.04, San Diego County, California",56341
368,"Census Tract 154.05, San Diego County, California",102474
369,"Census Tract 154.06, San Diego County, California",134118
370,"Census Tract 155.01, San Diego County, California",83346
371,"Census Tract 155.02, San Diego County, California",102333
372,"Census Tract 156.01, San Diego County, California",68158
373,"Census Tract 156.02, San Diego County, California",113750
374,"Census Tract 157.01, San Diego County, California",32746
375,"Census Tract 157.03, San Diego County, California",25720
376,"Census Tract 157.04, San Diego County, California",48456
377,"Census Tract 158.01, San Diego County, California",35668
378,"Census Tract 158.02, San Diego County, California",47687
379,"Census Tract 159.01, San Diego County, California",42989
380,"Census Tract 159.02, San Diego County, California",53286
381,"Census Tract 160, San Diego County, California",75142
382,"Census Tract 161, San Diego County, California",88898
383,"Census Tract 162.01, San Diego County, California",95170
384,"Census Tract 162.02, San Diego County, California",56477
385,"Census Tract 163.01, San Diego County, California",39450
386,"Census Tract 163.02, San Diego County, California",38750
387,"Census Tract 164.01, San Diego County, California",80655
388,"Census Tract 164.02, San Diego County, California",47576
389,"Census Tract 165.02, San Diego County, California",42875
390,"Census Tract 165.03, San Diego County, California",69063
391,"Census Tract 165.04, San Diego County, California",48170
392,"Census Tract 166.05, San Diego County, California",61875
393,"Census Tract 166.06, San Diego County, California",105024
394,"Census Tract 166.07, San Diego County, California",87500
395,"Census Tract 166.08, San Diego County, California",99891
396,"Census Tract 166.09, San Diego County, California",91384
397,"Census Tract 166.10, San Diego County, California",86813
398,"Census Tract 166.12, San Diego County, California",94621
399,"Census Tract 166.13, San Diego County, California",97019
400,"Census Tract 166.14, San Diego County, California",93889
401,"Census Tract 166.15, San Diego County, California",98077
402,"Census Tract 166.16, San Diego County, California",67917
403,"Census Tract 166.17, San Diego County, California",58750
404,"Census Tract 167.01, San Diego County, California",84071
405,"Census Tract 167.02, San Diego County, California",62477
406,"Census Tract 168.02, San Diego County, California",76210
407,"Census Tract 168.04, San Diego County, California",71737
408,"Census Tract 168.06, San Diego County, California",61310
409,"Census Tract 168.07, San Diego County, California",82269
410,"Census Tract 168.09, San Diego County, California",93500
411,"Census Tract 168.10, San Diego County, California",86442
412,"Census Tract 168.11, San Diego County, California",71250
413,"Census Tract 169.01, San Diego County, California",90859
414,"Census Tract 169.02, San Diego County, California",93750
415,"Census Tract 170.06, San Diego County, California",142546
416,"Census Tract 170.09, San Diego County, California",85556
417,"Census Tract 170.10, San Diego County, California",120833
418,"Census Tract 170.14, San Diego County, California",58465
419,"Census Tract 170.15, San Diego County, California",88338
420,"Census Tract 170.18, San Diego County, California",64353
421,"Census Tract 170.19, San Diego County, California",81535
422,"Census Tract 170.20, San Diego County, California",140804
423,"Census Tract 170.21, San Diego County, California",141071
424,"Census Tract 170.22, San Diego County, California",93958
425,"Census Tract 170.29, San Diego County, California",172554
426,"Census Tract 170.30, San Diego County, California",146299
427,"Census Tract 170.31, San Diego County, California",96211
428,"Census Tract 170.32, San Diego County, California",132622
429,"Census Tract 170.33, San Diego County, California",143846
430,"Census Tract 170.34, San Diego County, California",126024
431,"Census Tract 170.35, San Diego County, California",76346
432,"Census Tract 170.36, San Diego County, California",111250
433,"Census Tract 170.37, San Diego County, California",100656
434,"Census Tract 170.39, San Diego County, California",104926
435,"Census Tract 170.40, San Diego County, California",128563
436,"Census Tract 170.41, San Diego County, California",108036
437,"Census Tract 170.42, San Diego County, California",127869
438,"Census Tract 170.43, San Diego County, California",121719
439,"Census Tract 170.44, San Diego County, California",139924
440,"Census Tract 170.45, San Diego County, California",154079
441,"Census Tract 170.46, San Diego County, California",127321
442,"Census Tract 170.47, San Diego County, California",141875
443,"Census Tract 170.48, San Diego County, California",62218
444,"Census Tract 170.49, San Diego County, California",97000
445,"Census Tract 170.50, San Diego County, California",68372
446,"Census Tract 170.51, San Diego County, California",97309
447,"Census Tract 170.52, San Diego County, California",96839
448,"Census Tract 170.53, San Diego County, California",149391
449,"Census Tract 170.54, San Diego County, California",105588
450,"Census Tract 170.55, San Diego County, California",126688
451,"Census Tract 170.56, San Diego County, California",107639
452,"Census Tract 171.04, San Diego County, California",113281
453,"Census Tract 171.06, San Diego County, California",113574
454,"Census Tract 171.07, San Diego County, California",176635
455,"Census Tract 171.08, San Diego County, California",120208
456,"Census Tract 171.09, San Diego County, California",164327
457,"Census Tract 171.10, San Diego County, California",146518
458,"Census Tract 172, San Diego County, California",110625
459,"Census Tract 173.03, San Diego County, California",162500
460,"Census Tract 173.04, San Diego County, California",85781
461,"Census Tract 173.05, San Diego County, California",110373
462,"Census Tract 173.06, San Diego County, California",125662
463,"Census Tract 174.01, San Diego County, California",116347
464,"Census Tract 174.03, San Diego County, California",143199
465,"Census Tract 174.04, San Diego County, California",89527
466,"Census Tract 175.01, San Diego County, California",112770
467,"Census Tract 175.02, San Diego County, California",98382
468,"Census Tract 176.01, San Diego County, California",114009
469,"Census Tract 176.03, San Diego County, California",115400
470,"Census Tract 176.04, San Diego County, California",71875
471,"Census Tract 177.01, San Diego County, California",80981
472,"Census Tract 177.02, San Diego County, California",104688
473,"Census Tract 178.01, San Diego County, California",85740
474,"Census Tract 178.08, San Diego County, California",148932
475,"Census Tract 178.09, San Diego County, California",87589
476,"Census Tract 178.10, San Diego County, California",104707
477,"Census Tract 178.11, San Diego County, California",111250
478,"Census Tract 178.13, San Diego County, California",107500
479,"Census Tract 179, San Diego County, California",70500
480,"Census Tract 180, San Diego County, California",86454
481,"Census Tract 181, San Diego County, California",69758
482,"Census Tract 182, San Diego County, California",48134
483,"Census Tract 183, San Diego County, California",68750
484,"Census Tract 184, San Diego County, California",48004
485,"Census Tract 185.04, San Diego County, California",76445
486,"Census Tract 185.07, San Diego County, California",72443
487,"Census Tract 185.09, San Diego County, California",50950
488,"Census Tract 185.10, San Diego County, California",71154
489,"Census Tract 185.11, San Diego County, California",55043
490,"Census Tract 185.12, San Diego County, California",47825
491,"Census Tract 185.13, San Diego County, California",79412
492,"Census Tract 185.14, San Diego County, California",92438
493,"Census Tract 185.15, San Diego County, California",84500
494,"Census Tract 185.16, San Diego County, California",81316
495,"Census Tract 185.17, San Diego County, California",60511
496,"Census Tract 185.18, San Diego County, California",78958
497,"Census Tract 185.19, San Diego County, California",57554
498,"Census Tract 186.01, San Diego County, California",94821
499,"Census Tract 186.03, San Diego County, California",35127
500,"Census Tract 186.08, San Diego County, California",89861
501,"Census Tract 186.09, San Diego County, California",63956
502,"Census Tract 186.10, San Diego County, California",63188
503,"Census Tract 186.11, San Diego County, California",102786
504,"Census Tract 186.12, San Diego County, California",83533
505,"Census Tract 186.13, San Diego County, California",75956
506,"Census Tract 186.14, San Diego County, California",48983
507,"Census Tract 187, San Diego County, California",42061
508,"Census Tract 188.01, San Diego County, California",84948
509,"Census Tract 188.02, San Diego County, California",103034
510,"Census Tract 188.03, San Diego County, California",77813
511,"Census Tract 189.03, San Diego County, California",53080
512,"Census Tract 189.04, San Diego County, California",45972
513,"Census Tract 189.05, San Diego County, California",54227
514,"Census Tract 189.06, San Diego County, California",59801
515,"Census Tract 190.01, San Diego County, California",89614
516,"Census Tract 190.02, San Diego County, California",74028
517,"Census Tract 191.01, San Diego County, California",85250
518,"Census Tract 191.03, San Diego County, California",103717
519,"Census Tract 191.05, San Diego County, California",86764
520,"Census Tract 191.06, San Diego County, California",84589
521,"Census Tract 191.07, San Diego County, California",76071
522,"Census Tract 192.03, San Diego County, California",79191
523,"Census Tract 192.05, San Diego County, California",51420
524,"Census Tract 192.06, San Diego County, California",66176
525,"Census Tract 192.07, San Diego County, California",63977
526,"Census Tract 192.08, San Diego County, California",84142
527,"Census Tract 193.01, San Diego County, California",105135
528,"Census Tract 193.02, San Diego County, California",55944
529,"Census Tract 193.03, San Diego County, California",75714
530,"Census Tract 194.03, San Diego County, California",84068
531,"Census Tract 194.04, San Diego County, California",76000
532,"Census Tract 194.05, San Diego County, California",68750
533,"Census Tract 194.06, San Diego County, California",69302
534,"Census Tract 195.01, San Diego County, California",49297
535,"Census Tract 195.02, San Diego County, California",43968
536,"Census Tract 195.03, San Diego County, California",63733
537,"Census Tract 196.01, San Diego County, California",64315
538,"Census Tract 196.02, San Diego County, California",66556
539,"Census Tract 197.01, San Diego County, California",62361
540,"Census Tract 197.02, San Diego County, California",91483
541,"Census Tract 198.03, San Diego County, California",88500
542,"Census Tract 198.04, San Diego County, California",108750
543,"Census Tract 198.05, San Diego County, California",45195
544,"Census Tract 198.06, San Diego County, California",106513
545,"Census Tract 198.08, San Diego County, California",71653
546,"Census Tract 198.09, San Diego County, California",89960
547,"Census Tract 199.02, San Diego County, California",72770
548,"Census Tract 199.03, San Diego County, California",80257
549,"Census Tract 199.04, San Diego County, California",78427
550,"Census Tract 199.05, San Diego County, California",75543
551,"Census Tract 200.13, San Diego County, California",123594
552,"Census Tract 200.14, San Diego County, California",107268
553,"Census Tract 200.15, San Diego County, California",99261
554,"Census Tract 200.16, San Diego County, California",145673
555,"Census Tract 200.17, San Diego County, California",51429
556,"Census Tract 200.18, San Diego County, California",52670
557,"Census Tract 200.19, San Diego County, California",62802
558,"Census Tract 200.20, San Diego County, California",118448
559,"Census Tract 200.21, San Diego County, California",69907
560,"Census Tract 200.22, San Diego County, California",97589
561,"Census Tract 200.23, San Diego County, California",82434
562,"Census Tract 200.24, San Diego County, California",67756
563,"Census Tract 200.25, San Diego County, California",64935
564,"Census Tract 200.26, San Diego County, California",77688
565,"Census Tract 200.27, San Diego County, California",118944
566,"Census Tract 200.28, San Diego County, California",36324
567,"Census Tract 200.29, San Diego County, California",45703
568,"Census Tract 201.03, San Diego County, California",103457
569,"Census Tract 201.05, San Diego County, California",70082
570,"Census Tract 201.06, San Diego County, California",82679
571,"Census Tract 201.07, San Diego County, California",92083
572,"Census Tract 201.08, San Diego County, California",57566
573,"Census Tract 201.09, San Diego County, California",83967
574,"Census Tract 202.02, San Diego County, California",39560
575,"Census Tract 202.06, San Diego County, California",47917
576,"Census Tract 202.07, San Diego County, California",41282
577,"Census Tract 202.08, San Diego County, California",66786
578,"Census Tract 202.09, San Diego County, California",38674
579,"Census Tract 202.10, San Diego County, California",52057
580,"Census Tract 202.11, San Diego County, California",41687
581,"Census Tract 202.13, San Diego County, California",37930
582,"Census Tract 202.14, San Diego County, California",32635
583,"Census Tract 203.04, San Diego County, California",93125
584,"Census Tract 203.05, San Diego County, California",83892
585,"Census Tract 203.06, San Diego County, California",68386
586,"Census Tract 203.07, San Diego County, California",59640
587,"Census Tract 203.08, San Diego County, California",34948
588,"Census Tract 203.09, San Diego County, California",76607
589,"Census Tract 204.01, San Diego County, California",115500
590,"Census Tract 204.03, San Diego County, California",95254
591,"Census Tract 204.04, San Diego County, California",83920
592,"Census Tract 204.05, San Diego County, California",114205
593,"Census Tract 205, San Diego County, California",54767
594,"Census Tract 206.01, San Diego County, California",58711
595,"Census Tract 206.02, San Diego County, California",66655
596,"Census Tract 207.05, San Diego County, California",99559
597,"Census Tract 207.06, San Diego County, California",115540
598,"Census Tract 207.07, San Diego County, California",51920
599,"Census Tract 207.08, San Diego County, California",92467
600,"Census Tract 207.09, San Diego County, California",102072
601,"Census Tract 207.10, San Diego County, California",117647
602,"Census Tract 208.01, San Diego County, California",107500
603,"Census Tract 208.05, San Diego County, California",65160
604,"Census Tract 208.06, San Diego County, California",63448
605,"Census Tract 208.07, San Diego County, California",93947
606,"Census Tract 208.09, San Diego County, California",85064
607,"Census Tract 208.10, San Diego County, California",118378
608,"Census Tract 208.11, San Diego County, California",110995
609,"Census Tract 209.02, San Diego County, California",92917
610,"Census Tract 209.03, San Diego County, California",43274
611,"Census Tract 209.04, San Diego County, California",55560
612,"Census Tract 210, San Diego County, California",39761
613,"Census Tract 211, San Diego County, California",49231
614,"Census Tract 212.02, San Diego County, California",89844
615,"Census Tract 212.04, San Diego County, California",116680
616,"Census Tract 212.05, San Diego County, California",62051
617,"Census Tract 212.06, San Diego County, California",113542
618,"Census Tract 213.02, San Diego County, California",91071
619,"Census Tract 213.03, San Diego County, California",134712
620,"Census Tract 213.04, San Diego County, California",119020
621,"Census Tract 214, San Diego County, California",72992
622,"Census Tract 215, San Diego County, California",196299
623,"Census Tract 216, San Diego County, California",76929
624,"Census Tract 218, San Diego County, California",119583
625,"Census Tract 219, San Diego County, California",44167
626,"Census Tract 220, San Diego County, California",43029
627,"Census Tract 221, San Diego County, California",105975